{"KXTRILLIONAIRE-30-EM": {"yes": 94, "volume": 2150.0, "question": "Who will be the world's first trillionaire: Elon Musk"}, "KXNEXTUKPM-30-NF": {"yes": 16, "volume": 368.0, "question": "Next Prime Minister of the UK: Nigel Farage"}, "KXTRILLIONAIRE-30-JB": {"yes": 5, "volume": 179.0, "question": "Who will be the world's first trillionaire: Jeff Bezos"}, "KXTIMEDECADE20S-30-TAY": {"yes": 16, "volume": 71.0, "question": "Who will Time name as Person of the Decade: Taylor Swift"}, "KXEUEXITCOUNTRY-30-ITA": {"yes": 8, "volume": 57.0, "question": "countries will vote to leave the EU before 2030: Italy"}, "CHINAUSGDP-30": {"yes": 23, "volume": 20.0, "question": "Will China overtake US GDP by 2030?"}, "KXTIMEDECADE20S-30-EMUS": {"yes": 32, "volume": 13.0, "question": "Who will Time name as Person of the Decade: Elon Musk"}, "KXEUEXITCOUNTRY-30-HUN": {"yes": 11, "volume": 5.0, "question": "countries will vote to leave the EU before 2030: Hungary"}, "KXNEXTUKPM-30-AR": {"yes": 27, "volume": 3.0, "question": "Next Prime Minister of the UK: Angela Rayner"}, "KXFDATYPE1DIABETES-33": {"yes": 35, "volume": 0, "question": "Will the FDA approve a cure for Type 1 Diabetes before 2033?"}, "0x6c38a11745e251dc0a383e36e03cf39e602ae43b6e3c7946ca7a9737e8309ec1": {"yes": 5, "volume": 994950.5379959996, "question": "Will Amanda Anisimova be the 2026 Women\u2019s Wimbledon Winner?"}, "0x44887f53abbfe7531b1384420b185a5f10ee42a4e6c9441d5883abd4f3c1e5ef": {"yes": 8, "volume": 990069.7100559978, "question": "Will the Dallas Stars win the 2026 NHL Stanley Cup?"}, "0xd8fc55155395d7c2083725edaebbd0e49d13fad1500ce7c007617cc00869573d": {"yes": 46, "volume": 99971.08501399997, "question": "CDC issues Level 3 warning by December 31?"}, "0xbc48574581b96200fefb4d59202e7ba3e144335384b777fc71e93b02ab1030f1": {"yes": 21, "volume": 99929.00978799978, "question": "Bucks vs. Nets: O/U 220.5"}, "0x3e0845c4736ae232c57b347d05f6145650416dfd3adb0fa5d7ddd335c64a84ca": {"yes": 23, "volume": 99785.16027300004, "question": "Will Iran withdraw from the NPT before 2027?"}, "0x52bf4b9cb5a6dad476017a330a6116f8c3c51ac8fe3d5c0852ae70f5db4adf6f": {"yes": 14, "volume": 99644.73968499993, "question": "Rippling IPO before 2027?"}, "0x8587c25e68ea0f18372d15251bc5d6784999f44b32f6727591483b0f16b425e6": {"yes": 5, "volume": 99345.67556099998, "question": "Will SpaceX's market cap be between $1.4T and $1.6T at market close on IPO day?"}, "0x4370803e1beb74348ca8c60867808df202458112f43ab79000d477bd1074d519": {"yes": 24, "volume": 99262.26043299999, "question": "Gemini 3.5 released by June 30?"}, "0x01510d4f36a4055795345072479f71f432533d2c2bf2f3265eaa142d34306914": {"yes": 20, "volume": 9992.448276000006, "question": "Will Fidesz-KDNP win 70-84 seats in the Hungarian National Assembly in this election?"}, "0xc9ae2656fa5f75ea4626d490a89398d75222f37624c1dd32c3ebe763c4ecec77": {"yes": 82, "volume": 9982.374225000003, "question": "Will Mike Collins be the Republican nominee for Senate in Georgia?"}, "0x3cf017db96f9ea222c279e7f52a82a51e4c83143fdbe851ae940f50d7ab23ae2": {"yes": 66, "volume": 9961.09370699997, "question": "VfB Stuttgart vs. Hamburger SV: O/U 2.5"}, "0x4214defe0531b239e9e573b925b1dc5d487c01115b625b6385939a1e22cfabff": {"yes": 62, "volume": 9942.642054999998, "question": "UFC 327: Mateusz Gamrot vs. Esteban Ribovics (Lightweight, Prelims)"}, "0x22af61e5fed6001767326b29fdb6cb2fc694961c27d89f560422b73643a324d0": {"yes": 4, "volume": 9938.229796999998, "question": "Will Natural Gas (NG) hit (LOW) $2.00 in April?"}, "0x0412c1cec1c2fd758e4e8da5d2570475f2ce98cc93e6c5250f760c18be072c14": {"yes": 95, "volume": 9935.465, "question": "Will the price of Bitcoin be above $64,000 on April 14?"}, "0x91e33c9060d6b19bc54f0ea3dcf0bd20bf73893f13026682833622c5f5a377bb": {"yes": 19, "volume": 9906.613110000002, "question": "Dutch House of Representatives dissolved in 2026?"}, "0x352a6e088b0c187d78d1948d10b1304eda0e6c24c1fc737696053454d052b0a0": {"yes": 96, "volume": 9896.789566999998, "question": "Will The Weeknd have the second-greatest number of monthly Spotify listeners this month?"}, "0x13ef35d4bf77d5e1cb891b15fde4af75a2f9ed8044b898ec9596b1515afbf06a": {"yes": 10, "volume": 9885.892514999998, "question": "Will New England Patriots win the 2027 NFL AFC Championship?"}, "0xe94ec5df4754cde68265ece1a8d75b71c2161a8df079b87c81fe9e28f3ef4f73": {"yes": 29, "volume": 999.431596, "question": "Will Colorado Rapids SC vs. Houston Dynamo end in a draw?"}, "0xf9a2156b22eed87e94f55375ce31ad756ac504b08067357b4ee3ed6bec5a4c47": {"yes": 16, "volume": 996.499102, "question": "Perena FDV above $400M one day after launch?"}, "0x6ed7a6dd883fa51e9f66f61b2a0e04b52efc64641e95bd75749a611f081cf4b9": {"yes": 40, "volume": 995.6659409999999, "question": "Will Queens Park Rangers FC win on 2026-04-11?"}, "0x456a25be7a7ccfa16557f646c03bc62c3f062f44c612f7593d6adfb4af310a5e": {"yes": 13, "volume": 995.6271459999998, "question": "Will Dathan Jones be the Republican nominee for Senate in Colorado?"}, "0x38f0d870f1c4e100b6b651d5068bce7ee44854c3e07702efca3a581b05600b26": {"yes": 34, "volume": 992.4454609999999, "question": "Will Real Betis Balompi\u00e9 win on 2026-04-08?"}, "0x43c68d7109b85b77011670c2f935220af33787c0abf4a8fe5a326d6f342052af": {"yes": 20, "volume": 991.6633280000001, "question": "Spread: Auckland FC (-1.5)"}, "0x617fa9d20dcc03bf9ac3a9c7930c8b26f6f9c094a39e2c14ad54833dc85981f8": {"yes": 58, "volume": 989.008589, "question": "Will Apple reach $264 in April?"}, "0x83b3f161e6dba95abacbc11fa4cc0cc65b66c7cee6140d2397c835a6a4a842f0": {"yes": 30, "volume": 99.934272, "question": "Will Universidad Central de Venezuela FC vs. Club Libertad end in a draw?"}, "0x28fb5ae2c894b6e321d6f4bbe0ac0d13ee5d8db3ffc827a7a7616de342137023": {"yes": 49, "volume": 99.644363, "question": "Cooper Flagg: Points O/U 26.5"}, "0x24aa7a8c2981376543bd44fb1b12fab64381de818c84dcbfdba9ac1dcade6a2b": {"yes": 6, "volume": 99.5, "question": "Will the median home value in Chicago be between $342,000 and $344,000 on April 30?"}, "0x8d99b1cc054d420fb816b7093baafb837fb2f2bb7db1bfd303d13540430c85eb": {"yes": 38, "volume": 99.269676, "question": "Will AA Estudiantes win on 2026-04-11?"}, "0x309b58fec19462940dd5bab210902513cbcb4c38476ef07646f2d5312c8802ef": {"yes": 50, "volume": 99.249214, "question": "Solana Up or Down - April 8, 3:50PM-3:55PM ET"}, "0x5af87acd67a8251622fd057ff181bca885bb6c552e5621e857d703bc86920979": {"yes": 50, "volume": 99.249214, "question": "Solana Up or Down - April 8, 3:30PM-3:35PM ET"}, "0x75956a46a67d28ec17a759700e5deb406be57a51e7dfc648182be748a0fd4584": {"yes": 87, "volume": 99.2222, "question": "Will AC Milan qualify for the League Phase of the 2026-27 UEFA Champions League?"}, "0x5169f5fd0dd114a5b316369d3be0ecb96a070ece3c76a7a68844857fc420c7bc": {"yes": 30, "volume": 99.181389, "question": "Will the highest temperature in Lucknow be 33\u00b0C on April 10?"}, "0xd2671459dfee506fe669b45a1123d1b85faaf54f94169f133487ecefe3559229": {"yes": 5, "volume": 99.01416500000003, "question": "Spread: ACF Fiorentina (-1.5)"}, "0x820626d8dba17eaed3913814cd29109e84e33297fcbeaaa5469162eee15f2a31": {"yes": 46, "volume": 99.0, "question": "Will SC Freiburg qualify for the League Phase of the 2026-27 UEFA Champions League?"}, "0x5ae8cdfe232b5591937b45ed32fce5f867133db8e64e6a4ad25f47192b98295b": {"yes": 7, "volume": 98.98, "question": "Will Netflix, Inc. (NFLX) hit (HIGH) $115 Week of April 6 2026?"}, "0x34cbb4c035fda5447189885d49e9c2f1e9c04d36bc8b6db66254f394d90287f7": {"yes": 90, "volume": 9.9914, "question": "Game 1: Both Teams Slay a Dragon?"}, "0xee13fdd28a7f2fca169f011767285542ae6f978b5819108c3976676d17280217": {"yes": 30, "volume": 9.92, "question": "Map 1: Odd/Even Total Rounds?"}, "0x6d93fc4ad9599d976000a1ba29c5fc426754e291f28ea42330b691596be279c5": {"yes": 51, "volume": 9.92, "question": "LoL: Kaufland Hangry Knights vs Eintracht Frankfurt (BO1) - Prime League 1st Division Regular Season"}, "0x901a82c40db689ef6020389e2f95c507be18f95536a46a0b8d078b9ca8b53c87": {"yes": 50,